metric,control,treatment,relative_lift
dau_mean,1906.8260869565217,1912.304347826087,0.0028729735276010826
avg_engagement_per_session_sec,773.3090793726545,821.4755382558184,0.06228616754666683
avg_llm_rating,3.6104124609945907,3.8072982072680994,0.054532757240504035
