metric,control_mean,treatment_mean,abs_diff,ci_low_95,ci_high_95,relative_lift,p_value,n_days
dau,1906.8260869565217,1912.304347826087,5.478260869565247,-52.52979888654592,63.48632062567641,0.0028729735276010826,0.8523876996091866,92
avg_engagement_per_session_sec,770.2866005211712,817.2641415312972,46.97754101012606,35.98422385088859,57.97085816936353,0.060987093606900786,1.4630120676602932e-14,92
avg_llm_rating,3.610412460994591,3.8072982072680994,0.1968857462735083,0.19232246559780275,0.20144902694921385,0.0545327572405039,6.880958268320942e-108,92
